load_id,source_name,source_table,source_record_id,business_key,rule_id,field_name,severity,action,original_value,clean_value,details,detected_at
1,Claim_Payment.csv,raw.claim_payment_csv,4,PAY00004,INV_DATE_ORDER,decision_date,error,flagged,2023-10-28,,"{'decision_date': '2023-10-28', 'core_treatment': 'retain decision row and null invalid decision_date', 'processing_start_date': '2023-10-29'}",
1,Claim_Payment.csv,raw.claim_payment_csv,5,PAY00005,INV_DATE_ORDER,decision_date,error,flagged,2023-11-20,,"{'decision_date': '2023-11-20', 'core_treatment': 'retain decision row and null invalid decision_date', 'processing_start_date': '2023-11-21'}",
1,Claim_Payment.csv,raw.claim_payment_csv,9,PAY00009,MISS_ERROR,decision_date,error,flagged,,,{'reason': 'decided payment row is missing decision_date'},
1,Claim_Payment.csv,raw.claim_payment_csv,10,PAY00010,MISS_ERROR,decision_date,error,flagged,,,{'reason': 'decided payment row is missing decision_date'},
1,Claim_Payment.csv,raw.claim_payment_csv,15,PAY00015,UPSTREAM_PARENT_REJECTED,,error,quarantined,,,{'claim_id': 'H00016'},
1,Claim_Payment.csv,raw.claim_payment_csv,18,PAY00018,FMT_DATE,processing_start_date,info,normalized,20240321,2024-03-21,,
1,Claim_Payment.csv,raw.claim_payment_csv,19,PAY00019,FMT_CATEGORY_CASE,decision_outcome,info,normalized,Partially Approved,partially_approved,,
1,Claim_Payment.csv,raw.claim_payment_csv,30,PAY00030,FMT_CATEGORY_CASE,decision_outcome,info,normalized,Denied ,denied,,
1,Claim_Payment.csv,raw.claim_payment_csv,30,PAY00030,FMT_DATE,processing_start_date,info,normalized,20240725,2024-07-25,,
1,Claim_Payment.csv,raw.claim_payment_csv,30,PAY00030,TYPE_AMOUNT_TEXT,payment_amount,info,normalized,$0.00,0.00,,
1,Claim_Payment.csv,raw.claim_payment_csv,39,PAY00039,UPSTREAM_PARENT_REJECTED,,error,quarantined,,,{'claim_id': 'T00041'},
1,Claim_Payment.csv,raw.claim_payment_csv,41,PAY00041,UPSTREAM_PARENT_REJECTED,,error,quarantined,,,{'claim_id': 'T00042'},
1,Claim_Payment.csv,raw.claim_payment_csv,43,PAY00043,UPSTREAM_PARENT_REJECTED,,error,quarantined,,,{'claim_id': 'T00037'},
1,Claim_Payment.csv,raw.claim_payment_csv,71,PAY00071,FMT_CATEGORY_CASE,decision_outcome,info,normalized,Approved ,approved,,
1,Claim_Payment.csv,raw.claim_payment_csv,74,PAY00074,FMT_ID,claim_id,info,normalized,d00072 ,D00072,,
1,Claim_Payment.csv,raw.claim_payment_csv,74,PAY00074,TYPE_AMOUNT_TEXT,payment_amount,info,normalized,$175.81,175.81,,
1,Claim_Payment.csv,raw.claim_payment_csv,80,PAY00080,UPSTREAM_PARENT_REJECTED,,error,quarantined,,,{'claim_id': 'H00080'},
1,Claim_Payment.csv,raw.claim_payment_csv,83,PAY00083,FMT_CATEGORY_CASE,decision_outcome,info,normalized,Approved ,approved,,
1,Claim_Payment.csv,raw.claim_payment_csv,83,PAY00083,FMT_DATE,processing_start_date,info,normalized,20250531,2025-05-31,,
1,Claim_Payment.csv,raw.claim_payment_csv,83,PAY00083,TYPE_AMOUNT_TEXT,payment_amount,info,normalized,"$2,820.00",2820.00,,
1,Claim_Payment.csv,raw.claim_payment_csv,86,PAY00086,FMT_CATEGORY_CASE,decision_outcome,info,normalized,Approved ,approved,,
1,Claim_Payment.csv,raw.claim_payment_csv,86,PAY00086,FMT_ID,claim_id,info,normalized,h00086 ,H00086,,
1,Claim_Payment.csv,raw.claim_payment_csv,90,PAY00090,FMT_DATE,processing_start_date,info,normalized,20250710,2025-07-10,,
1,Claim_Payment.csv,raw.claim_payment_csv,92,PAY00092,TYPE_AMOUNT_TEXT,payment_amount,info,normalized,$177.06,177.06,,
1,Claim_Payment.csv,raw.claim_payment_csv,96,PAY00096,FMT_DATE,processing_start_date,info,normalized,20250718,2025-07-18,,
1,Claim_Payment.csv,raw.claim_payment_csv,105,PAY00105,FMT_CATEGORY_CASE,decision_outcome,info,normalized,Approved ,approved,,
1,Claim_Payment.csv,raw.claim_payment_csv,161,PAY00161,UPSTREAM_PARENT_REJECTED,,error,quarantined,,,{'claim_id': 'H00162'},
1,Claim_Payment.csv,raw.claim_payment_csv,163,PAY00163,FMT_DATE,processing_start_date,info,normalized,20260131,2026-01-31,,
1,Claim_Payment.csv,raw.claim_payment_csv,163,PAY00163,TYPE_AMOUNT_TEXT,payment_amount,info,normalized,$244.46,244.46,,
1,Claim_Payment.csv,raw.claim_payment_csv,196,PAY00196,ORPHAN_FK,,error,quarantined,,,{'claim_id': 'H90001'},
1,Claim_Payment.csv,raw.claim_payment_csv,197,PAY00197,ORPHAN_FK,,error,quarantined,,,{'claim_id': 'H90002'},
1,Claim_Payment.csv,raw.claim_payment_csv,198,PAY00198,ORPHAN_FK,,error,quarantined,,,{'claim_id': 'H90003'},
1,Claim_Payment.csv,raw.claim_payment_csv,199,PAY00001,DUP_EXACT,payment_id,warning,deduplicated,,,,
1,Claim_Payment.csv,raw.claim_payment_csv,200,PAY00002,DUP_EXACT,payment_id,warning,deduplicated,,,,
1,Claim_Payment.csv,raw.claim_payment_csv,201,PAY00003,DUP_EXACT,payment_id,warning,deduplicated,,,,
1,Claim_Payment.csv,raw.claim_payment_csv,202,PAY00004,DUP_EXACT,payment_id,warning,deduplicated,,,,
1,Claim_Payment.csv,raw.claim_payment_csv,203,PAY00005,DUP_EXACT,payment_id,warning,deduplicated,,,,
1,Claim_Payment.csv,staging.claim_payments,4,PAY00004,CORE_DECISION_DATE_NULLIFIED,decision_date,error,repaired,2023-10-28,,{'processing_start_date': '2023-10-29'},
1,Claim_Payment.csv,staging.claim_payments,5,PAY00005,CORE_DECISION_DATE_NULLIFIED,decision_date,error,repaired,2023-11-20,,{'processing_start_date': '2023-11-21'},
1,Claim_Payment.csv + Claim.csv,staging.claim_payments,1,PAY00001,CORE_PAYMENT_DATE_NULLIFIED,payment_date,error,repaired,2023-08-07,,"{'claim_date': '2023-08-08', 'decision_date': '2023-08-17', 'payment_status_treatment': 'set core payment_status to null because paid date is unusable'}",
1,Claim_Payment.csv + Claim.csv,staging.claim_payments,2,PAY00002,CORE_PAYMENT_DATE_NULLIFIED,payment_date,error,repaired,2023-10-09,,"{'claim_date': '2023-10-10', 'decision_date': '2023-10-22', 'payment_status_treatment': 'set core payment_status to null because paid date is unusable'}",
1,Claim_Payment.csv + Claim.csv,staging.claim_payments,3,PAY00003,CORE_PAYMENT_DATE_NULLIFIED,payment_date,error,repaired,2023-10-25,,"{'claim_date': '2023-10-26', 'decision_date': '2023-10-28', 'payment_status_treatment': 'set core payment_status to null because paid date is unusable'}",
1,Claim.csv,raw.claim_csv,2,D00002,FMT_CATEGORY_CASE,claim_type,info,normalized,Preventive ,preventive,,
1,Claim.csv,raw.claim_csv,6,D00006,FMT_CATEGORY_CASE,claim_type,info,normalized,Major ,major,,
1,Claim.csv,raw.claim_csv,6,D00006,FMT_DATE,service_date,info,normalized,18/11/2023,2023-11-18,,
1,Claim.csv,raw.claim_csv,10,D00010,FMT_DATE,service_date,info,normalized,14/01/2024,2024-01-14,,
1,Claim.csv,raw.claim_csv,16,H00016,UPSTREAM_PARENT_REJECTED,,error,quarantined,,,{'policy_id': 'P00024'},
1,Claim.csv,raw.claim_csv,18,H00018,FMT_CATEGORY_CASE,claim_status,info,normalized,Approved ,approved,,
1,Claim.csv,raw.claim_csv,18,H00018,TYPE_AMOUNT_TEXT,claim_amount,info,normalized,$321.73,321.73,,
1,Claim.csv,raw.claim_csv,20,H00020,FMT_CATEGORY_CASE,claim_status,info,normalized,Approved ,approved,,
1,Claim.csv,raw.claim_csv,20,H00020,TYPE_AMOUNT_TEXT,claim_amount,info,normalized,$49.28,49.28,,
1,Claim.csv,raw.claim_csv,27,H00027,FMT_DATE,service_date,info,normalized,27/05/2024,2024-05-27,,
1,Claim.csv,raw.claim_csv,27,H00027,FMT_ID,policy_id,info,normalized,p00160 ,P00160,,
1,Claim.csv,raw.claim_csv,27,H00027,FMT_PROVINCE,region,info,normalized,saskatchewan,SK,,
1,Claim.csv,raw.claim_csv,36,H00036,TYPE_AMOUNT_TEXT,claim_amount,info,normalized,$257.00,257.00,,
1,Claim.csv,raw.claim_csv,37,T00037,FMT_CATEGORY_CASE,claim_status,info,normalized,Approved ,approved,,
1,Claim.csv,raw.claim_csv,37,T00037,FMT_DATE,service_date,info,normalized,16/09/2024,2024-09-16,,
1,Claim.csv,raw.claim_csv,37,T00037,FMT_PROVINCE,region,info,normalized,Alta.,AB,,
1,Claim.csv,raw.claim_csv,37,T00037,ORPHAN_FK,,error,quarantined,,,{'policy_id': 'P90001'},
1,Claim.csv,raw.claim_csv,41,T00041,ORPHAN_FK,,error,quarantined,,,{'policy_id': 'P90002'},
1,Claim.csv,raw.claim_csv,42,T00042,ORPHAN_FK,,error,quarantined,,,{'policy_id': 'P90003'},
1,Claim.csv,raw.claim_csv,71,D00071,MISS_ERROR,claim_amount,error,flagged,,,{'repair_candidate': 'JSON reconciled line-item total'},
1,Claim.csv,raw.claim_csv,74,D00074,FMT_CATEGORY_CASE,claim_status,info,normalized,Approved ,approved,,
1,Claim.csv,raw.claim_csv,74,D00074,MISS_ERROR,claim_amount,error,flagged,,,{'repair_candidate': 'JSON reconciled line-item total'},
1,Claim.csv,raw.claim_csv,75,H00075,FMT_DATE,service_date,info,normalized,22/04/2025,2025-04-22,,
1,Claim.csv,raw.claim_csv,75,H00075,FMT_PROVINCE,region,info,normalized,Alta.,AB,,
1,Claim.csv,raw.claim_csv,76,D00076,MISS_ERROR,service_date,error,flagged,,,{'repair_candidate': 'JSON min(line_items.service_date)'},
1,Claim.csv,raw.claim_csv,78,D00078,MISS_ERROR,service_date,error,flagged,,,{'repair_candidate': 'JSON min(line_items.service_date)'},
1,Claim.csv,raw.claim_csv,79,D00079,FMT_CATEGORY_CASE,claim_status,info,normalized,Denied ,denied,,
1,Claim.csv,raw.claim_csv,79,D00079,FMT_ID,policy_id,info,normalized,p00022 ,P00022,,
1,Claim.csv,raw.claim_csv,80,H00080,UPSTREAM_PARENT_REJECTED,,error,quarantined,,,{'policy_id': 'P00029'},
1,Claim.csv,raw.claim_csv,162,H00162,UPSTREAM_PARENT_REJECTED,,error,quarantined,,,{'policy_id': 'P00024'},
1,Claim.csv,raw.claim_csv,169,H00169,FMT_DATE,service_date,info,normalized,17/02/2026,2026-02-17,,
1,Claim.csv,raw.claim_csv,173,D00173,FMT_DATE,service_date,info,normalized,21/02/2026,2026-02-21,,
1,Claim.csv,raw.claim_csv,176,H00176,FMT_PROVINCE,region,info,normalized,man.,MB,,
1,Claim.csv,raw.claim_csv,176,H00176,TYPE_AMOUNT_TEXT,claim_amount,info,normalized,$59.62,59.62,,
1,Claim.csv,raw.claim_csv,178,H00178,FMT_PROVINCE,region,info,normalized,saskatchewan,SK,,
1,Claim.csv,raw.claim_csv,178,H00178,TYPE_AMOUNT_TEXT,claim_amount,info,normalized,$49.17,49.17,,
1,Claim.csv,raw.claim_csv,211,H00001,DUP_EXACT,claim_id,warning,deduplicated,,,{'normalized_claim_id': 'H00001'},
1,Claim.csv,raw.claim_csv,212,D00002,DUP_EXACT,claim_id,warning,deduplicated,,,{'normalized_claim_id': 'D00002'},
1,Claim.csv,raw.claim_csv,212,D00002,FMT_CATEGORY_CASE,claim_type,info,normalized,Preventive ,preventive,,
1,Claim.csv,raw.claim_csv,213,H00003,DUP_EXACT,claim_id,warning,deduplicated,,,{'normalized_claim_id': 'H00003'},
1,Claim.csv,raw.claim_csv,214,H00004,DUP_EXACT,claim_id,warning,deduplicated,,,{'normalized_claim_id': 'H00004'},
1,Claim.csv,raw.claim_csv,215,H00005,DUP_EXACT,claim_id,warning,deduplicated,,,{'normalized_claim_id': 'H00005'},
1,Claim.csv,raw.claim_csv,216,D00006,DUP_EXACT,claim_id,warning,deduplicated,,,{'normalized_claim_id': 'D00006'},
1,Claim.csv,raw.claim_csv,216,D00006,FMT_CATEGORY_CASE,claim_type,info,normalized,Major ,major,,
1,Claim.csv,raw.claim_csv,216,D00006,FMT_DATE,service_date,info,normalized,18/11/2023,2023-11-18,,
1,Claim.csv,raw.claim_csv,217,T00007,DUP_NEAR_KEY,claim_id,warning,deduplicated,,,{'normalized_claim_id': 'T00007'},
1,Claim.csv,raw.claim_csv,217,T00007,FMT_ID,claim_id,info,normalized,t00007 ,T00007,,
1,Claim.csv,raw.claim_csv,218,D00008,DUP_NEAR_KEY,claim_id,warning,deduplicated,,,{'normalized_claim_id': 'D00008'},
1,Claim.csv,raw.claim_csv,218,D00008,FMT_ID,claim_id,info,normalized,d00008 ,D00008,,
1,Claim.csv,raw.claim_csv,219,H00009,DUP_NEAR_KEY,claim_id,warning,deduplicated,,,{'normalized_claim_id': 'H00009'},
1,Claim.csv,raw.claim_csv,219,H00009,FMT_ID,claim_id,info,normalized,h00009 ,H00009,,
1,Claim.csv,raw.claim_csv,220,D00010,DUP_NEAR_KEY,claim_id,warning,deduplicated,,,{'normalized_claim_id': 'D00010'},
1,Claim.csv,raw.claim_csv,220,D00010,FMT_DATE,service_date,info,normalized,14/01/2024,2024-01-14,,
1,Claim.csv,raw.claim_csv,220,D00010,FMT_ID,claim_id,info,normalized,d00010 ,D00010,,
1,Claim.csv / JSON directory,staging.claims,2,D00002,JSON_MISSING_FILE,,warning,flagged,,,{'reason': 'no physical JSON file exists for the claim'},
1,Claim.csv / JSON directory,staging.claims,6,D00006,JSON_MISSING_FILE,,warning,flagged,,,{'reason': 'no physical JSON file exists for the claim'},
1,Claim.csv / JSON directory,staging.claims,8,D00008,JSON_MISSING_FILE,,warning,flagged,,,{'reason': 'no physical JSON file exists for the claim'},
1,Claim.csv / JSON directory,staging.claims,10,D00010,JSON_MISSING_FILE,,warning,flagged,,,{'reason': 'no physical JSON file exists for the claim'},
1,Claim.csv / JSON directory,staging.claims,30,D00030,JSON_MISSING_FILE,,warning,flagged,,,{'reason': 'no physical JSON file exists for the claim'},
1,Claim.csv / JSON directory,staging.claims,48,D00048,JSON_MISSING_FILE,,warning,flagged,,,{'reason': 'no physical JSON file exists for the claim'},
1,Claim.csv / JSON directory,staging.claims,49,D00049,JSON_MISSING_FILE,,warning,flagged,,,{'reason': 'no physical JSON file exists for the claim'},
1,Claim.csv / JSON directory,staging.claims,81,D00081,JSON_MISSING_FILE,,warning,flagged,,,{'reason': 'no physical JSON file exists for the claim'},
1,Claim.csv / JSON directory,staging.claims,95,D00095,JSON_MISSING_FILE,,warning,flagged,,,{'reason': 'no physical JSON file exists for the claim'},
1,Claim.csv / JSON directory,staging.claims,100,D00100,JSON_MISSING_FILE,,warning,flagged,,,{'reason': 'no physical JSON file exists for the claim'},
1,Claim.csv / JSON directory,staging.claims,101,D00101,JSON_MISSING_FILE,,warning,flagged,,,{'reason': 'no physical JSON file exists for the claim'},
1,Claim.csv / JSON directory,staging.claims,105,D00105,JSON_MISSING_FILE,,warning,flagged,,,{'reason': 'no physical JSON file exists for the claim'},
1,Claim.csv / JSON directory,staging.claims,109,D00109,JSON_MISSING_FILE,,warning,flagged,,,{'reason': 'no physical JSON file exists for the claim'},
1,Claim.csv / JSON directory,staging.claims,116,D00116,JSON_MISSING_FILE,,warning,flagged,,,{'reason': 'no physical JSON file exists for the claim'},
1,Claim.csv + JSON,staging.claims,40,T00040,CORE_AMOUNT_RECON_MISMATCH,claim_amount,warning,flagged,4030.84,3359.03,"{'treatment': 'retain valid Claim.csv header amount; mismatch remains an analytical/fraud signal', 'difference_cad': 671.81}",
1,Claim.csv + JSON,staging.claims,44,H00044,CORE_SERVICE_DATE_REPAIRED,service_date,error,repaired,2023-12-01,2024-10-18,{'json_service_date': '2024-10-18'},
1,Claim.csv + JSON,staging.claims,48,D00048,CORE_SERVICE_DATE_UNRECOVERABLE,service_date,error,flagged,2023-10-28,,{'json_service_date': None},
1,Claim.csv + JSON,staging.claims,49,D00049,CORE_SERVICE_DATE_UNRECOVERABLE,service_date,error,flagged,2023-11-28,,{'json_service_date': None},
1,Claim.csv + JSON,staging.claims,52,T00052,CORE_SERVICE_DATE_REPAIRED,service_date,error,repaired,2024-12-15,2024-12-03,{'json_service_date': '2024-12-03'},
1,Claim.csv + JSON,staging.claims,54,H00054,CORE_SERVICE_DATE_REPAIRED,service_date,error,repaired,2024-12-29,2024-12-20,{'json_service_date': '2024-12-20'},
1,Claim.csv + JSON,staging.claims,58,H00058,CORE_CLAIM_AMOUNT_REPAIRED,claim_amount,error,repaired,-87.43,87.43,{'json_claim_amount': 87.43},
1,Claim.csv + JSON,staging.claims,60,H00060,CORE_CLAIM_AMOUNT_REPAIRED,claim_amount,error,repaired,-694.52,694.52,{'json_claim_amount': 694.52},
1,Claim.csv + JSON,staging.claims,61,D00061,CORE_CLAIM_AMOUNT_REPAIRED,claim_amount,error,repaired,-320.44,320.44,{'json_claim_amount': 320.44},
1,Claim.csv + JSON,staging.claims,63,H00063,CORE_CLAIM_AMOUNT_REPAIRED,claim_amount,error,repaired,15284.00,152.84,{'json_claim_amount': 152.84},
1,Claim.csv + JSON,staging.claims,65,D00065,CORE_CLAIM_AMOUNT_REPAIRED,claim_amount,error,repaired,30387.00,303.87,{'json_claim_amount': 303.87},
1,Claim.csv + JSON,staging.claims,66,H00066,CORE_AMOUNT_RECON_MISMATCH,claim_amount,warning,flagged,299.42,249.52,"{'treatment': 'retain valid Claim.csv header amount; mismatch remains an analytical/fraud signal', 'difference_cad': 49.9}",
1,Claim.csv + JSON,staging.claims,71,D00071,CORE_CLAIM_AMOUNT_REPAIRED,claim_amount,error,repaired,,155.74,{'json_claim_amount': 155.74},
1,Claim.csv + JSON,staging.claims,74,D00074,CORE_CLAIM_AMOUNT_REPAIRED,claim_amount,error,repaired,,275.52,{'json_claim_amount': 275.52},
1,Claim.csv + JSON,staging.claims,76,D00076,CORE_SERVICE_DATE_REPAIRED,service_date,error,repaired,,2025-04-25,{'json_service_date': '2025-04-25'},
1,Claim.csv + JSON,staging.claims,78,D00078,CORE_SERVICE_DATE_REPAIRED,service_date,error,repaired,,2025-05-06,{'json_service_date': '2025-05-06'},
1,Claim.csv + JSON,staging.claims,112,H00112,CORE_AMOUNT_RECON_MISMATCH,claim_amount,warning,flagged,206.51,172.09,"{'treatment': 'retain valid Claim.csv header amount; mismatch remains an analytical/fraud signal', 'difference_cad': 34.42}",
1,Claim.csv + JSON,staging.claims,151,T00151,CORE_AMOUNT_RECON_MISMATCH,claim_amount,warning,flagged,1483.26,1236.05,"{'treatment': 'retain valid Claim.csv header amount; mismatch remains an analytical/fraud signal', 'difference_cad': 247.21}",
1,Claim.csv + JSON,staging.claims,167,H00167,CORE_AMOUNT_RECON_MISMATCH,claim_amount,warning,flagged,62.92,52.43,"{'treatment': 'retain valid Claim.csv header amount; mismatch remains an analytical/fraud signal', 'difference_cad': 10.49}",
1,Claim.csv vs Claim_Payment.csv,staging.claim_payments,6,PAY00006,CORE_PAYMENT_AMOUNT_CONFLICT,payment_amount,warning,flagged,800.00,817.37,{'authoritative_source': 'Claim_Payment.csv.payment_amount'},
1,Claim.csv vs Claim_Payment.csv,staging.claim_payments,7,PAY00007,CORE_PAYMENT_AMOUNT_CONFLICT,payment_amount,warning,flagged,1890.20,1907.57,{'authoritative_source': 'Claim_Payment.csv.payment_amount'},
1,Claim.csv vs Claim_Payment.csv,staging.claim_payments,8,PAY00008,CORE_PAYMENT_AMOUNT_CONFLICT,payment_amount,warning,flagged,1600.00,1617.37,{'authoritative_source': 'Claim_Payment.csv.payment_amount'},
1,Claim.csv vs Claim_Payment.csv,staging.claims,2,D00002,CORE_STATUS_CONFLICT,claim_status,warning,repaired,denied,partially_approved,{'authoritative_source': 'Claim_Payment.csv decision presence/outcome'},
1,Claim.csv vs Claim_Payment.csv,staging.claims,3,H00003,CORE_STATUS_CONFLICT,claim_status,warning,repaired,denied,approved,{'authoritative_source': 'Claim_Payment.csv decision presence/outcome'},
1,Claim.csv vs Claim_Payment.csv,staging.claims,5,H00005,CORE_STATUS_CONFLICT,claim_status,warning,repaired,denied,approved,{'authoritative_source': 'Claim_Payment.csv decision presence/outcome'},
1,Claim.csv vs Claim_Payment.csv,staging.claims,6,D00006,CORE_STATUS_CONFLICT,claim_status,warning,repaired,denied,approved,{'authoritative_source': 'Claim_Payment.csv decision presence/outcome'},
1,Claim.csv vs Claim_Payment.csv,staging.claims,8,D00008,CORE_STATUS_CONFLICT,claim_status,warning,repaired,denied,approved,{'authoritative_source': 'Claim_Payment.csv decision presence/outcome'},
1,Claim.csv vs Claim_Payment.csv,staging.claims,9,H00009,CORE_STATUS_CONFLICT,claim_status,warning,repaired,denied,approved,{'authoritative_source': 'Claim_Payment.csv decision presence/outcome'},
1,Claim.csv vs Claim_Payment.csv,staging.claims,10,D00010,CORE_STATUS_CONFLICT,claim_status,warning,repaired,denied,approved,{'authoritative_source': 'Claim_Payment.csv decision presence/outcome'},
1,Claim.csv vs Customer.csv,staging.claims,18,H00018,CORE_REGION_CONFLICT,region,warning,repaired,AB,PE,{'authoritative_source': 'Customer.csv.province'},
1,Claim.csv vs Customer.csv,staging.claims,19,H00019,CORE_REGION_CONFLICT,region,warning,repaired,AB,MB,{'authoritative_source': 'Customer.csv.province'},
1,Claim.csv vs Customer.csv,staging.claims,20,H00020,CORE_REGION_CONFLICT,region,warning,repaired,AB,SK,{'authoritative_source': 'Customer.csv.province'},
1,Claim.csv vs Customer.csv,staging.claims,21,H00021,CORE_REGION_CONFLICT,region,warning,repaired,AB,SK,{'authoritative_source': 'Customer.csv.province'},
1,Claim.csv vs Customer.csv,staging.claims,24,H00024,CORE_REGION_CONFLICT,region,warning,repaired,AB,SK,{'authoritative_source': 'Customer.csv.province'},
1,Claim.csv vs Customer.csv,staging.claims,25,H00025,CORE_REGION_CONFLICT,region,warning,repaired,AB,ON,{'authoritative_source': 'Customer.csv.province'},
1,Claim.csv vs Customer.csv,staging.claims,28,H00028,CORE_REGION_CONFLICT,region,warning,repaired,SK,AB,{'authoritative_source': 'Customer.csv.province'},
1,Claim.csv vs Customer.csv,staging.claims,30,D00030,CORE_REGION_CONFLICT,region,warning,repaired,AB,MB,{'authoritative_source': 'Customer.csv.province'},
1,Claim.csv vs Customer.csv,staging.claims,85,H00085,CORE_REGION_CONFLICT,region,warning,repaired,NL,SK,{'authoritative_source': 'Customer.csv.province'},
1,Claim.csv vs Customer.csv,staging.claims,87,H00087,CORE_REGION_CONFLICT,region,warning,repaired,BC,SK,{'authoritative_source': 'Customer.csv.province'},
1,Claim.csv vs Customer.csv,staging.claims,88,H00088,CORE_REGION_CONFLICT,region,warning,repaired,NL,SK,{'authoritative_source': 'Customer.csv.province'},
1,Claim.csv vs Customer.csv,staging.claims,90,H00090,CORE_REGION_CONFLICT,region,warning,repaired,BC,SK,{'authoritative_source': 'Customer.csv.province'},
1,Claim.csv vs Customer.csv,staging.claims,91,H00091,CORE_REGION_CONFLICT,region,warning,repaired,NL,SK,{'authoritative_source': 'Customer.csv.province'},
1,Claim.csv vs Customer.csv,staging.claims,92,H00092,CORE_REGION_CONFLICT,region,warning,repaired,BC,SK,{'authoritative_source': 'Customer.csv.province'},
1,Claim.csv vs Customer.csv,staging.claims,161,H00161,CORE_REGION_CONFLICT,region,warning,repaired,NL,SK,{'authoritative_source': 'Customer.csv.province'},
1,Claim.csv vs Policy.csv,staging.claims,31,T00031,CORE_OWNER_CONFLICT,customer_id,warning,repaired,C00150,C00095,{'authoritative_source': 'Policy.csv.customer_id'},
1,Claim.csv vs Policy.csv,staging.claims,32,H00032,CORE_OWNER_CONFLICT,customer_id,warning,repaired,C00150,C00037,{'authoritative_source': 'Policy.csv.customer_id'},
1,Claim.csv vs Policy.csv,staging.claims,33,H00033,CORE_OWNER_CONFLICT,customer_id,warning,repaired,C00150,C00040,{'authoritative_source': 'Policy.csv.customer_id'},
1,Claim.csv vs Policy.csv,staging.claims,35,T00035,CORE_OWNER_CONFLICT,customer_id,warning,repaired,C00150,C00103,{'authoritative_source': 'Policy.csv.customer_id'},
1,Claim.csv vs Policy.csv,staging.claims,36,H00036,CORE_OWNER_CONFLICT,customer_id,warning,repaired,C00150,C00067,{'authoritative_source': 'Policy.csv.customer_id'},
1,Customer.csv,raw.customer_csv,4,C00004,FMT_GENDER,gender,info,normalized,MALE,M,,
1,Customer.csv,raw.customer_csv,4,C00004,FMT_PHONE,phone,info,normalized,,,{'pii_value_redacted': True},
1,Customer.csv,raw.customer_csv,4,C00004,FMT_POSTAL,postal_code,info,normalized,,,{'pii_value_redacted': True},
1,Customer.csv,raw.customer_csv,4,C00004,FMT_TEXT_WHITESPACE,first_name,info,normalized,,,{'pii_value_redacted': True},
1,Customer.csv,raw.customer_csv,23,C00023,FMT_DATE,date_of_birth,info,normalized,,,{'pii_value_redacted': True},
1,Customer.csv,raw.customer_csv,23,C00023,FMT_PHONE,phone,info,normalized,,,{'pii_value_redacted': True},
1,Customer.csv,raw.customer_csv,23,C00023,FMT_POSTAL,postal_code,info,normalized,,,{'pii_value_redacted': True},
1,Customer.csv,raw.customer_csv,30,C00030,FMT_GENDER,gender,info,normalized,Female,F,,
1,Customer.csv,raw.customer_csv,30,C00030,FMT_PHONE,phone,info,normalized,,,{'pii_value_redacted': True},
1,Customer.csv,raw.customer_csv,30,C00030,FMT_POSTAL,postal_code,info,normalized,,,{'pii_value_redacted': True},
1,Customer.csv,raw.customer_csv,30,C00030,FMT_PROVINCE,province,info,normalized,man.,MB,,
1,Customer.csv,raw.customer_csv,37,C00037,INV_AGE,date_of_birth,error,flagged,,,"{'reason': 'sentinel or future DOB', 'pii_value_redacted': True}",
1,Customer.csv,raw.customer_csv,39,C00039,INV_AGE,date_of_birth,error,flagged,,,"{'reason': 'sentinel or future DOB', 'pii_value_redacted': True}",
1,Customer.csv,raw.customer_csv,40,C00040,FMT_PHONE,phone,info,normalized,,,{'pii_value_redacted': True},
1,Customer.csv,raw.customer_csv,40,C00040,FMT_POSTAL,postal_code,info,normalized,,,{'pii_value_redacted': True},
1,Customer.csv,raw.customer_csv,40,C00040,FMT_PROVINCE,province,info,normalized,Ontario,ON,,
1,Customer.csv,raw.customer_csv,40,C00040,MISS_ERROR,date_of_birth,error,flagged,,,"{'reason': 'required source DOB is missing', 'pii_value_redacted': True}",
1,Customer.csv,raw.customer_csv,41,C00041,MISS_ERROR,date_of_birth,error,flagged,,,"{'reason': 'required source DOB is missing', 'pii_value_redacted': True}",
1,Customer.csv,raw.customer_csv,42,C00042,FMT_PROVINCE,province,info,repaired,,AB,,
1,Customer.csv,raw.customer_csv,42,C00042,MISS_ERROR,province,error,repaired,,AB,{'recovered_from_postal_code': True},
1,Customer.csv,raw.customer_csv,43,C00043,FMT_PROVINCE,province,info,repaired,,MB,,
1,Customer.csv,raw.customer_csv,43,C00043,MISS_ERROR,province,error,repaired,,MB,{'recovered_from_postal_code': True},
1,Customer.csv,raw.customer_csv,55,C00055,FMT_GENDER,gender,info,normalized,MALE,M,,
1,Customer.csv,raw.customer_csv,55,C00055,FMT_PROVINCE,province,info,normalized,Ontario,ON,,
1,Customer.csv,raw.customer_csv,55,C00055,FMT_TEXT_WHITESPACE,first_name,info,normalized,,,{'pii_value_redacted': True},
1,Customer.csv,raw.customer_csv,67,C00067,FMT_DATE,date_of_birth,info,normalized,,,{'pii_value_redacted': True},
1,Customer.csv,raw.customer_csv,67,C00067,FMT_GENDER,gender,info,normalized,MALE,M,,
1,Customer.csv,raw.customer_csv,68,C00068,FMT_GENDER,gender,info,normalized,Female,F,,
1,Customer.csv,raw.customer_csv,68,C00068,FMT_PHONE,phone,info,normalized,,,{'pii_value_redacted': True},
1,Customer.csv,raw.customer_csv,68,C00068,FMT_PROVINCE,province,info,normalized,man.,MB,,
1,Customer.csv,raw.customer_csv,79,C00079,FMT_DATE,date_of_birth,info,normalized,,,{'pii_value_redacted': True},
1,Customer.csv,raw.customer_csv,79,C00079,FMT_GENDER,gender,info,normalized,MALE,M,,
1,Customer.csv,raw.customer_csv,79,C00079,FMT_PHONE,phone,info,normalized,,,{'pii_value_redacted': True},
1,Customer.csv,raw.customer_csv,79,C00079,FMT_POSTAL,postal_code,info,normalized,,,{'pii_value_redacted': True},
1,Customer.csv,raw.customer_csv,79,C00079,FMT_PROVINCE,province,info,normalized,saskatchewan,SK,,
1,Customer.csv,raw.customer_csv,79,C00079,FMT_TEXT_WHITESPACE,first_name,info,normalized,,,{'pii_value_redacted': True},
1,Customer.csv,raw.customer_csv,86,C00086,FMT_DATE,date_of_birth,info,normalized,,,{'pii_value_redacted': True},
1,Customer.csv,raw.customer_csv,101,C00101,FMT_GENDER,gender,info,normalized,Female,F,,
1,Customer.csv,raw.customer_csv,101,C00101,FMT_PHONE,phone,info,normalized,,,{'pii_value_redacted': True},
1,Customer.csv,raw.customer_csv,101,C00101,FMT_POSTAL,postal_code,info,normalized,,,{'pii_value_redacted': True},
1,Customer.csv,raw.customer_csv,101,C00101,FMT_TEXT_WHITESPACE,first_name,info,normalized,,,{'pii_value_redacted': True},
1,Customer.csv,raw.customer_csv,105,C00105,FMT_PHONE,phone,info,normalized,,,{'pii_value_redacted': True},
1,Customer.csv,raw.customer_csv,105,C00105,FMT_POSTAL,postal_code,info,normalized,,,{'pii_value_redacted': True},
1,Customer.csv,raw.customer_csv,115,C00115,FMT_DATE,date_of_birth,info,normalized,,,{'pii_value_redacted': True},
1,Customer.csv,raw.customer_csv,115,C00115,FMT_GENDER,gender,info,normalized,Female,F,,
1,Customer.csv,raw.customer_csv,115,C00115,FMT_POSTAL,postal_code,info,normalized,,,{'pii_value_redacted': True},
1,Customer.csv,raw.customer_csv,115,C00115,FMT_PROVINCE,province,info,normalized,british columbia,BC,,
1,Customer.csv,raw.customer_csv,128,C00128,FMT_GENDER,gender,info,normalized,Female,F,,
1,Customer.csv,raw.customer_csv,128,C00128,FMT_PROVINCE,province,info,normalized,Alta.,AB,,
1,Customer.csv,raw.customer_csv,138,C00138,FMT_DATE,date_of_birth,info,normalized,,,{'pii_value_redacted': True},
1,Customer.csv,raw.customer_csv,138,C00138,FMT_PHONE,phone,info,normalized,,,{'pii_value_redacted': True},
1,Customer.csv,raw.customer_csv,138,C00138,FMT_POSTAL,postal_code,info,normalized,,,{'pii_value_redacted': True},
1,Customer.csv,raw.customer_csv,138,C00138,FMT_TEXT_WHITESPACE,first_name,info,normalized,,,{'pii_value_redacted': True},
1,Customer.csv,raw.customer_csv,151,C00151,DUP_ENTITY,customer_id,warning,deduplicated,C00151,C00001,"{'resolution': 'normalized_identity_key', 'survivor_customer_id': 'C00001'}",
1,Customer.csv,raw.customer_csv,152,C00152,DUP_ENTITY,customer_id,warning,deduplicated,C00152,C00002,"{'resolution': 'normalized_identity_key', 'survivor_customer_id': 'C00002'}",
1,Customer.csv,raw.customer_csv,153,C00153,DUP_ENTITY,customer_id,warning,deduplicated,C00153,C00003,"{'resolution': 'normalized_identity_key', 'survivor_customer_id': 'C00003'}",
1,Customer.csv,raw.customer_csv,154,C00154,DUP_ENTITY,customer_id,warning,deduplicated,C00154,C00004,"{'resolution': 'normalized_identity_key', 'survivor_customer_id': 'C00004'}",
1,Customer.csv,raw.customer_csv,155,C00155,INV_UNSERVED_PROVINCE,province,error,quarantined,QC,QC,{'reason': 'province is outside the served-province domain'},
1,Customer.csv,raw.customer_csv,156,C00156,INV_UNSERVED_PROVINCE,province,error,quarantined,NB,NB,{'reason': 'province is outside the served-province domain'},
1,Customer.csv,raw.customer_csv,157,C00157,INV_UNSERVED_PROVINCE,province,error,quarantined,NU,NU,{'reason': 'province is outside the served-province domain'},
1,Customer.csv,staging.customers,37,C00037,CORE_DOB_NULLIFIED,date_of_birth,error,repaired,,,"{'reason': 'DOB is outside the valid extract-end age range (18-89) and no authoritative alternate source exists', 'pii_value_redacted': True}",
1,Customer.csv,staging.customers,39,C00039,CORE_DOB_NULLIFIED,date_of_birth,error,repaired,,,"{'reason': 'DOB is outside the valid extract-end age range (18-89) and no authoritative alternate source exists', 'pii_value_redacted': True}",
1,D00078.json,raw.claim_detail_files,20,D00078,JSON_KEY_DRIFT,line_items,warning,normalized,lineItems,line_items,{'legacy_key': 'lineItems'},
1,D00103.json,raw.claim_detail_files,26,D00103,JSON_TYPE_DRIFT,line_items[0].unit_amount,warning,normalized,$113.01,,"{'source_type': 'string', 'target_type': 'number'}",
1,D00117.json,raw.claim_detail_files,29,D00117,JSON_MALFORMED,,error,quarantined,"{
  ""schema_version"": ""1.0"",
  ""claim_id"": ""D00117"",
  ""product_line"": ""dental"",
  ""submission_channel"": ""provider_direct_billing"",
  ""submitted_at"": ""2025-09-30T08:55:00-06:00"",
  ""provider"": {
    ""provider_id"": ""PRV0067"",
    ""name"": ""Synthetic dental_clinic 67"",
    ""type"": ""dental_clinic""
  },
  ""line_items"": [
    {
      ""line_no"": 1,
      ""service_date"": ""2025-09-22"",
      ""description"": ""Synthetic preventive"",
      ""quantity"": 1,
      ""unit_amount"": 80.96,
      ""a",,"{'parse_error': ""JSONDecodeError: Expecting ',' delimiter: line 44 column 1 (char 1093)""}",
1,D00119.json,raw.claim_detail_files,30,D00119,JSON_MALFORMED,,error,quarantined,"{
  ""schema_version"": ""1.0"",
  ""claim_id"": ""D00119"",
  ""product_line"": ""dental"",
  ""submission_channel"": ""online_portal"",
  ""submitted_at"": ""2025-10-06T14:14:00-06:00"",
  ""provider"": {
    ""provider_id"": ""PRV0054"",
    ""name"": ""Synthetic dental_clinic 54"",
    ""type"": ""dental_clinic""
  },
  ""line_items"": [
    {
      ""line_no"": 1,
      ""service_date"": ""2025-09-23"",
      ""description"": ""Synthetic major"",
      ""quantity"": 1,
      ""unit_amount"": 400.0,
      ""amount"": 400.0,",,{'parse_error': 'JSONDecodeError: Expecting property name enclosed in double quotes: line 46 column 1 (char 1095)'},
1,D00125.json,raw.claim_detail_files,34,D00125,JSON_TYPE_DRIFT,line_items[0].unit_amount,warning,normalized,$143.53,,"{'source_type': 'string', 'target_type': 'number'}",
1,H00016.json,raw.claim_detail_files,63,H00016,UPSTREAM_PARENT_REJECTED,,error,quarantined,,,{'claim_id': 'H00016'},
1,H00053.json,raw.claim_detail_files,80,H00053,JSON_MISSING_KEY,documents_submitted,error,flagged,,,{'key_absent': True},
1,H00055.json,raw.claim_detail_files,82,H00055,JSON_TYPE_DRIFT,line_items[0].amount,warning,normalized,$51.09,,"{'source_type': 'string', 'target_type': 'number'}",
1,H00066.json,raw.claim_detail_files,88,H00066,JSON_TYPE_DRIFT,line_items[0].amount,warning,normalized,$124.76,,"{'source_type': 'string', 'target_type': 'number'}",
1,H00080.json,raw.claim_detail_files,92,H00080,UPSTREAM_PARENT_REJECTED,,error,quarantined,,,{'claim_id': 'H00080'},
1,H00091.json,raw.claim_detail_files,100,H00091,JSON_SHAPE_DRIFT,documents_submitted,warning,normalized,string,array,"{'source_shape': 'string', 'target_shape': 'array'}",
1,H00093.json,raw.claim_detail_files,102,H00093,JSON_MISSING_KEY,submission_channel,error,flagged,,,{'key_absent': True},
1,H00154.json,raw.claim_detail_files,134,H00154,JSON_MISSING_KEY,documents_submitted,error,flagged,,,{'key_absent': True},
1,H00162.json,raw.claim_detail_files,140,H00162,UPSTREAM_PARENT_REJECTED,,error,quarantined,,,{'claim_id': 'H00162'},
1,H00178.json,raw.claim_detail_files,153,H00178,JSON_SHAPE_DRIFT,documents_submitted,warning,normalized,string,array,"{'source_shape': 'string', 'target_shape': 'array'}",
1,H90001.json,raw.claim_detail_files,171,H90001,JSON_ORPHAN,,error,quarantined,,,{'claim_id': 'H90001'},
1,H90002.json,raw.claim_detail_files,172,H90002,JSON_ORPHAN,,error,quarantined,,,{'claim_id': 'H90002'},
1,H90003.json,raw.claim_detail_files,173,H90003,JSON_ORPHAN,,error,quarantined,,,{'claim_id': 'H90003'},
1,H90004.json,raw.claim_detail_files,174,H90004,JSON_ORPHAN,,error,quarantined,,,{'claim_id': 'H90004'},
1,Policy_Premium.csv,raw.policy_premium_csv,3,PRM000003,TYPE_AMOUNT_TEXT,premium_amount,info,normalized,$161.50 CAD,161.50,,
1,Policy_Premium.csv,raw.policy_premium_csv,7,PRM000007,UPSTREAM_PARENT_REJECTED,,error,quarantined,,,{'policy_id': 'P00019'},
1,Policy_Premium.csv,raw.policy_premium_csv,26,PRM000026,INVALID_REQUIRED,,error,quarantined,,,{'policy_id': 'P00141'},
1,Policy_Premium.csv,raw.policy_premium_csv,27,PRM000027,INVALID_REQUIRED,,error,quarantined,,,{'policy_id': 'P00142'},
1,Policy_Premium.csv,raw.policy_premium_csv,28,PRM000028,INVALID_REQUIRED,,error,quarantined,,,{'policy_id': 'P00103'},
1,Policy_Premium.csv,raw.policy_premium_csv,29,PRM000029,INVALID_REQUIRED,,error,quarantined,,,{'policy_id': 'P00098'},
1,Policy_Premium.csv,raw.policy_premium_csv,30,PRM000030,INV_DERIVED_STATUS,payment_status,warning,repaired,paid,late,,
1,Policy_Premium.csv,raw.policy_premium_csv,31,PRM000031,INV_DERIVED_STATUS,payment_status,warning,repaired,paid,late,,
1,Policy_Premium.csv,raw.policy_premium_csv,32,PRM000032,INV_DERIVED_STATUS,payment_status,warning,repaired,paid,late,,
1,Policy_Premium.csv,raw.policy_premium_csv,33,PRM000033,INV_DERIVED_STATUS,payment_status,warning,repaired,paid,late,,
1,Policy_Premium.csv,raw.policy_premium_csv,34,PRM000034,INV_DERIVED_STATUS,payment_status,warning,repaired,paid,late,,
1,Policy_Premium.csv,raw.policy_premium_csv,35,PRM000035,INVALID_REQUIRED,,error,quarantined,,,{'policy_id': 'P00096'},
1,Policy_Premium.csv,raw.policy_premium_csv,36,PRM000036,INVALID_REQUIRED,,error,quarantined,,,{'policy_id': 'P00046'},
1,Policy_Premium.csv,raw.policy_premium_csv,37,PRM000037,INVALID_REQUIRED,,error,quarantined,,,{'policy_id': 'P00050'},
1,Policy_Premium.csv,raw.policy_premium_csv,38,PRM000038,INVALID_REQUIRED,,error,quarantined,,,{'policy_id': 'P00101'},
1,Policy_Premium.csv,raw.policy_premium_csv,45,PRM000045,FMT_CATEGORY_CASE,payment_status,info,normalized,Paid ,paid,,
1,Policy_Premium.csv,raw.policy_premium_csv,47,PRM000047,UPSTREAM_PARENT_REJECTED,,error,quarantined,,,{'policy_id': 'P00019'},
1,Policy_Premium.csv,raw.policy_premium_csv,65,PRM000065,TYPE_AMOUNT_TEXT,premium_amount,info,normalized,$192.00 CAD,192.00,,
1,Policy_Premium.csv,raw.policy_premium_csv,68,PRM000068,UPSTREAM_PARENT_REJECTED,,error,quarantined,,,{'policy_id': 'P00029'},
1,Policy_Premium.csv,raw.policy_premium_csv,83,PRM000083,UPSTREAM_PARENT_REJECTED,,error,quarantined,,,{'policy_id': 'P00027'},
1,Policy_Premium.csv,raw.policy_premium_csv,86,PRM000086,UPSTREAM_PARENT_REJECTED,,error,quarantined,,,{'policy_id': 'P00019'},
1,Policy_Premium.csv,raw.policy_premium_csv,125,PRM000125,UPSTREAM_PARENT_REJECTED,,error,quarantined,,,{'policy_id': 'P00027'},
1,Policy_Premium.csv,raw.policy_premium_csv,128,PRM000128,UPSTREAM_PARENT_REJECTED,,error,quarantined,,,{'policy_id': 'P00019'},
1,Policy_Premium.csv,raw.policy_premium_csv,160,PRM000160,TYPE_AMOUNT_TEXT,premium_amount,info,normalized,$63.00 CAD,63.00,,
1,Policy_Premium.csv,raw.policy_premium_csv,171,PRM000171,UPSTREAM_PARENT_REJECTED,,error,quarantined,,,{'policy_id': 'P00027'},
1,Policy_Premium.csv,raw.policy_premium_csv,174,PRM000174,UPSTREAM_PARENT_REJECTED,,error,quarantined,,,{'policy_id': 'P00019'},
1,Policy_Premium.csv,raw.policy_premium_csv,179,PRM000179,FMT_DATE,due_date,info,normalized,11/06/2023,2023-11-06,,
1,Policy_Premium.csv,raw.policy_premium_csv,184,PRM000184,FMT_CATEGORY_CASE,payment_status,info,normalized,Paid ,paid,,
1,Policy_Premium.csv,raw.policy_premium_csv,184,PRM000184,FMT_DATE,due_date,info,normalized,11/10/2023,2023-11-10,,
1,Policy_Premium.csv,raw.policy_premium_csv,184,PRM000184,FMT_ID,policy_id,info,normalized,p00057 ,P00057,,
1,Policy_Premium.csv,raw.policy_premium_csv,190,PRM000190,TYPE_AMOUNT_TEXT,premium_amount,info,normalized,$397.80 CAD,397.80,,
1,Policy_Premium.csv,raw.policy_premium_csv,198,PRM000198,UPSTREAM_PARENT_REJECTED,,error,quarantined,,,{'policy_id': 'P00029'},
1,Policy_Premium.csv,raw.policy_premium_csv,217,PRM000217,UPSTREAM_PARENT_REJECTED,,error,quarantined,,,{'policy_id': 'P00027'},
1,Policy_Premium.csv,raw.policy_premium_csv,220,PRM000220,UPSTREAM_PARENT_REJECTED,,error,quarantined,,,{'policy_id': 'P00019'},
1,Policy_Premium.csv,raw.policy_premium_csv,255,PRM000255,FMT_ID,policy_id,info,normalized,p00117 ,P00117,,
1,Policy_Premium.csv,raw.policy_premium_csv,269,PRM000269,TYPE_AMOUNT_TEXT,premium_amount,info,normalized,$161.50 CAD,161.50,,
1,Policy_Premium.csv,raw.policy_premium_csv,273,PRM000273,UPSTREAM_PARENT_REJECTED,,error,quarantined,,,{'policy_id': 'P00027'},
1,Policy_Premium.csv,raw.policy_premium_csv,277,PRM000277,UPSTREAM_PARENT_REJECTED,,error,quarantined,,,{'policy_id': 'P00019'},
1,Policy_Premium.csv,raw.policy_premium_csv,296,PRM000296,FMT_CATEGORY_CASE,payment_status,info,normalized,Paid ,paid,,
1,Policy_Premium.csv,raw.policy_premium_csv,296,PRM000296,TYPE_AMOUNT_TEXT,premium_amount,info,normalized,$196.00 CAD,196.00,,
1,Policy_Premium.csv,raw.policy_premium_csv,329,PRM000329,FMT_DATE,due_date,info,normalized,01/30/2024,2024-01-30,,
1,Policy_Premium.csv,raw.policy_premium_csv,329,PRM000329,FMT_ID,policy_id,info,normalized,p00054 ,P00054,,
1,Policy_Premium.csv,raw.policy_premium_csv,333,PRM000333,FMT_ID,policy_id,info,normalized,p00015 ,P00015,,
1,Policy_Premium.csv,raw.policy_premium_csv,337,PRM000337,UPSTREAM_PARENT_REJECTED,,error,quarantined,,,{'policy_id': 'P00027'},
1,Policy_Premium.csv,raw.policy_premium_csv,340,PRM000340,UPSTREAM_PARENT_REJECTED,,error,quarantined,,,{'policy_id': 'P00019'},
1,Policy_Premium.csv,raw.policy_premium_csv,349,PRM000349,UPSTREAM_PARENT_REJECTED,,error,quarantined,,,{'policy_id': 'P00024'},
1,Policy_Premium.csv,raw.policy_premium_csv,374,PRM000374,UPSTREAM_PARENT_REJECTED,,error,quarantined,,,{'policy_id': 'P00029'},
1,Policy_Premium.csv,raw.policy_premium_csv,396,PRM000396,UPSTREAM_PARENT_REJECTED,,error,quarantined,,,{'policy_id': 'P00027'},
1,Policy_Premium.csv,raw.policy_premium_csv,400,PRM000400,UPSTREAM_PARENT_REJECTED,,error,quarantined,,,{'policy_id': 'P00019'},
1,Policy_Premium.csv,raw.policy_premium_csv,409,PRM000409,TYPE_AMOUNT_TEXT,premium_amount,info,normalized,$358.80 CAD,358.80,,
1,Policy_Premium.csv,raw.policy_premium_csv,409,PRM000409,UPSTREAM_PARENT_REJECTED,,error,quarantined,,,{'policy_id': 'P00024'},
1,Policy_Premium.csv,raw.policy_premium_csv,443,PRM000443,FMT_DATE,due_date,info,normalized,03/26/2024,2024-03-26,,
1,Policy_Premium.csv,raw.policy_premium_csv,443,PRM000443,TYPE_AMOUNT_TEXT,premium_amount,info,normalized,$84.00 CAD,84.00,,
1,Policy_Premium.csv,raw.policy_premium_csv,453,PRM000453,TYPE_AMOUNT_TEXT,premium_amount,info,normalized,$91.00 CAD,91.00,,
1,Policy_Premium.csv,raw.policy_premium_csv,462,PRM000462,UPSTREAM_PARENT_REJECTED,,error,quarantined,,,{'policy_id': 'P00027'},
1,Policy_Premium.csv,raw.policy_premium_csv,466,PRM000466,UPSTREAM_PARENT_REJECTED,,error,quarantined,,,{'policy_id': 'P00019'},
1,Policy_Premium.csv,raw.policy_premium_csv,476,PRM000476,UPSTREAM_PARENT_REJECTED,,error,quarantined,,,{'policy_id': 'P00024'},
1,Policy_Premium.csv,raw.policy_premium_csv,530,PRM000530,UPSTREAM_PARENT_REJECTED,,error,quarantined,,,{'policy_id': 'P00027'},
1,Policy_Premium.csv,raw.policy_premium_csv,534,PRM000534,FMT_CATEGORY_CASE,payment_status,info,normalized,Paid ,paid,,
1,Policy_Premium.csv,raw.policy_premium_csv,534,PRM000534,FMT_DATE,due_date,info,normalized,05/04/2024,2024-05-04,,
1,Policy_Premium.csv,raw.policy_premium_csv,534,PRM000534,UPSTREAM_PARENT_REJECTED,,error,quarantined,,,{'policy_id': 'P00019'},
1,Policy_Premium.csv,raw.policy_premium_csv,543,PRM000543,UPSTREAM_PARENT_REJECTED,,error,quarantined,,,{'policy_id': 'P00024'},
1,Policy_Premium.csv,raw.policy_premium_csv,571,PRM000571,UPSTREAM_PARENT_REJECTED,,error,quarantined,,,{'policy_id': 'P00029'},
1,Policy_Premium.csv,raw.policy_premium_csv,595,PRM000595,UPSTREAM_PARENT_REJECTED,,error,quarantined,,,{'policy_id': 'P00027'},
1,Policy_Premium.csv,raw.policy_premium_csv,599,PRM000599,UPSTREAM_PARENT_REJECTED,,error,quarantined,,,{'policy_id': 'P00019'},
1,Policy_Premium.csv,raw.policy_premium_csv,611,PRM000611,UPSTREAM_PARENT_REJECTED,,error,quarantined,,,{'policy_id': 'P00024'},
1,Policy_Premium.csv,raw.policy_premium_csv,669,PRM000669,UPSTREAM_PARENT_REJECTED,,error,quarantined,,,{'policy_id': 'P00027'},
1,Policy_Premium.csv,raw.policy_premium_csv,673,PRM000673,FMT_CATEGORY_CASE,payment_status,info,normalized,Paid ,paid,,
1,Policy_Premium.csv,raw.policy_premium_csv,673,PRM000673,FMT_DATE,due_date,info,normalized,07/03/2024,2024-07-03,,
1,Policy_Premium.csv,raw.policy_premium_csv,673,PRM000673,TYPE_AMOUNT_TEXT,premium_amount,info,normalized,$152.95 CAD,152.95,,
1,Policy_Premium.csv,raw.policy_premium_csv,674,PRM000674,UPSTREAM_PARENT_REJECTED,,error,quarantined,,,{'policy_id': 'P00019'},
1,Policy_Premium.csv,raw.policy_premium_csv,678,PRM000678,TYPE_AMOUNT_TEXT,premium_amount,info,normalized,$51.75 CAD,51.75,,
1,Policy_Premium.csv,raw.policy_premium_csv,686,PRM000686,UPSTREAM_PARENT_REJECTED,,error,quarantined,,,{'policy_id': 'P00024'},
1,Policy_Premium.csv,raw.policy_premium_csv,733,PRM000733,TYPE_AMOUNT_TEXT,premium_amount,info,normalized,$290.70 CAD,290.70,,
1,Policy_Premium.csv,raw.policy_premium_csv,746,PRM000746,UPSTREAM_PARENT_REJECTED,,error,quarantined,,,{'policy_id': 'P00027'},
1,Policy_Premium.csv,raw.policy_premium_csv,749,PRM000749,UPSTREAM_PARENT_REJECTED,,error,quarantined,,,{'policy_id': 'P00019'},
1,Policy_Premium.csv,raw.policy_premium_csv,760,PRM000760,UPSTREAM_PARENT_REJECTED,,error,quarantined,,,{'policy_id': 'P00024'},
1,Policy_Premium.csv,raw.policy_premium_csv,795,PRM000795,UPSTREAM_PARENT_REJECTED,,error,quarantined,,,{'policy_id': 'P00029'},
1,Policy_Premium.csv,raw.policy_premium_csv,817,PRM000817,FMT_DATE,due_date,info,normalized,09/01/2024,2024-09-01,,
1,Policy_Premium.csv,raw.policy_premium_csv,822,PRM000822,UPSTREAM_PARENT_REJECTED,,error,quarantined,,,{'policy_id': 'P00027'},
1,Policy_Premium.csv,raw.policy_premium_csv,825,PRM000825,UPSTREAM_PARENT_REJECTED,,error,quarantined,,,{'policy_id': 'P00019'},
1,Policy_Premium.csv,raw.policy_premium_csv,827,PRM000827,FMT_CATEGORY_CASE,payment_status,info,normalized,Paid ,paid,,
1,Policy_Premium.csv,raw.policy_premium_csv,837,PRM000837,UPSTREAM_PARENT_REJECTED,,error,quarantined,,,{'policy_id': 'P00024'},
1,Policy_Premium.csv,raw.policy_premium_csv,869,PRM000869,TYPE_AMOUNT_TEXT,premium_amount,info,normalized,$131.10 CAD,131.10,,
1,Policy_Premium.csv,raw.policy_premium_csv,881,PRM000881,FMT_CATEGORY_CASE,payment_status,info,normalized,Paid ,paid,,
1,Policy_Premium.csv,raw.policy_premium_csv,903,PRM000903,UPSTREAM_PARENT_REJECTED,,error,quarantined,,,{'policy_id': 'P00027'},
1,Policy_Premium.csv,raw.policy_premium_csv,908,PRM000908,UPSTREAM_PARENT_REJECTED,,error,quarantined,,,{'policy_id': 'P00019'},
1,Policy_Premium.csv,raw.policy_premium_csv,917,PRM000917,FMT_CATEGORY_CASE,payment_status,info,normalized,Paid ,paid,,
1,Policy_Premium.csv,raw.policy_premium_csv,917,PRM000917,TYPE_AMOUNT_TEXT,premium_amount,info,normalized,$45.00 CAD,45.00,,
1,Policy_Premium.csv,raw.policy_premium_csv,922,PRM000922,UPSTREAM_PARENT_REJECTED,,error,quarantined,,,{'policy_id': 'P00024'},
1,Policy_Premium.csv,raw.policy_premium_csv,989,PRM000989,UPSTREAM_PARENT_REJECTED,,error,quarantined,,,{'policy_id': 'P00027'},
1,Policy_Premium.csv,raw.policy_premium_csv,992,PRM000992,UPSTREAM_PARENT_REJECTED,,error,quarantined,,,{'policy_id': 'P00019'},
1,Policy_Premium.csv,raw.policy_premium_csv,993,PRM000993,TYPE_AMOUNT_TEXT,premium_amount,info,normalized,$168.00 CAD,168.00,,
1,Policy_Premium.csv,raw.policy_premium_csv,1004,PRM001004,UPSTREAM_PARENT_REJECTED,,error,quarantined,,,{'policy_id': 'P00024'},
1,Policy_Premium.csv,raw.policy_premium_csv,1013,PRM001013,FMT_CATEGORY_CASE,payment_status,info,normalized,Late ,late,,
1,Policy_Premium.csv,raw.policy_premium_csv,1013,PRM001013,FMT_DATE,due_date,info,normalized,11/12/2024,2024-11-12,,
1,Policy_Premium.csv,raw.policy_premium_csv,1046,PRM001046,UPSTREAM_PARENT_REJECTED,,error,quarantined,,,{'policy_id': 'P00029'},
1,Policy_Premium.csv,raw.policy_premium_csv,1051,PRM001051,FMT_CATEGORY_CASE,payment_status,info,normalized,Missed ,missed,,
1,Policy_Premium.csv,raw.policy_premium_csv,1057,PRM001057,FMT_CATEGORY_CASE,payment_status,info,normalized,Paid ,paid,,
1,Policy_Premium.csv,raw.policy_premium_csv,1075,PRM001075,UPSTREAM_PARENT_REJECTED,,error,quarantined,,,{'policy_id': 'P00027'},
1,Policy_Premium.csv,raw.policy_premium_csv,1079,PRM001079,UPSTREAM_PARENT_REJECTED,,error,quarantined,,,{'policy_id': 'P00019'},
1,Policy_Premium.csv,raw.policy_premium_csv,1086,PRM001086,FMT_CATEGORY_CASE,payment_status,info,normalized,Paid ,paid,,
1,Policy_Premium.csv,raw.policy_premium_csv,1091,PRM001091,UPSTREAM_PARENT_REJECTED,,error,quarantined,,,{'policy_id': 'P00024'},
1,Policy_Premium.csv,raw.policy_premium_csv,1096,PRM001096,FMT_CATEGORY_CASE,payment_status,info,normalized,Missed ,missed,,
1,Policy_Premium.csv,raw.policy_premium_csv,1096,PRM001096,FMT_DATE,due_date,info,normalized,12/10/2024,2024-12-10,,
1,Policy_Premium.csv,raw.policy_premium_csv,1159,PRM001159,UPSTREAM_PARENT_REJECTED,,error,quarantined,,,{'policy_id': 'P00027'},
1,Policy_Premium.csv,raw.policy_premium_csv,1166,PRM001166,UPSTREAM_PARENT_REJECTED,,error,quarantined,,,{'policy_id': 'P00019'},
1,Policy_Premium.csv,raw.policy_premium_csv,1181,PRM001181,UPSTREAM_PARENT_REJECTED,,error,quarantined,,,{'policy_id': 'P00024'},
1,Policy_Premium.csv,raw.policy_premium_csv,1253,PRM001253,UPSTREAM_PARENT_REJECTED,,error,quarantined,,,{'policy_id': 'P00027'},
1,Policy_Premium.csv,raw.policy_premium_csv,1257,PRM001257,UPSTREAM_PARENT_REJECTED,,error,quarantined,,,{'policy_id': 'P00019'},
1,Policy_Premium.csv,raw.policy_premium_csv,1271,PRM001271,UPSTREAM_PARENT_REJECTED,,error,quarantined,,,{'policy_id': 'P00024'},
1,Policy_Premium.csv,raw.policy_premium_csv,1288,PRM001288,FMT_DATE,due_date,info,normalized,02/13/2025,2025-02-13,,
1,Policy_Premium.csv,raw.policy_premium_csv,1312,PRM001312,UPSTREAM_PARENT_REJECTED,,error,quarantined,,,{'policy_id': 'P00029'},
1,Policy_Premium.csv,raw.policy_premium_csv,1342,PRM001342,UPSTREAM_PARENT_REJECTED,,error,quarantined,,,{'policy_id': 'P00027'},
1,Policy_Premium.csv,raw.policy_premium_csv,1346,PRM001346,UPSTREAM_PARENT_REJECTED,,error,quarantined,,,{'policy_id': 'P00019'},
1,Policy_Premium.csv,raw.policy_premium_csv,1349,PRM001349,FMT_CATEGORY_CASE,payment_status,info,normalized,Paid ,paid,,
1,Policy_Premium.csv,raw.policy_premium_csv,1349,PRM001349,FMT_DATE,due_date,info,normalized,03/04/2025,2025-03-04,,
1,Policy_Premium.csv,raw.policy_premium_csv,1360,PRM001360,UPSTREAM_PARENT_REJECTED,,error,quarantined,,,{'policy_id': 'P00024'},
1,Policy_Premium.csv,raw.policy_premium_csv,1367,PRM001367,FMT_CATEGORY_CASE,payment_status,info,normalized,Paid ,paid,,
1,Policy_Premium.csv,raw.policy_premium_csv,1384,PRM001384,TYPE_AMOUNT_TEXT,premium_amount,info,normalized,$127.40 CAD,127.40,,
1,Policy_Premium.csv,raw.policy_premium_csv,1435,PRM001435,UPSTREAM_PARENT_REJECTED,,error,quarantined,,,{'policy_id': 'P00027'},
1,Policy_Premium.csv,raw.policy_premium_csv,1440,PRM001440,UPSTREAM_PARENT_REJECTED,,error,quarantined,,,{'policy_id': 'P00019'},
1,Policy_Premium.csv,raw.policy_premium_csv,1457,PRM001457,FMT_DATE,due_date,info,normalized,04/08/2025,2025-04-08,,
1,Policy_Premium.csv,raw.policy_premium_csv,1459,PRM001459,UPSTREAM_PARENT_REJECTED,,error,quarantined,,,{'policy_id': 'P00024'},
1,Policy_Premium.csv,raw.policy_premium_csv,1464,PRM001464,FMT_DATE,due_date,info,normalized,04/09/2025,2025-04-09,,
1,Policy_Premium.csv,raw.policy_premium_csv,1464,PRM001464,TYPE_AMOUNT_TEXT,premium_amount,info,normalized,$85.00 CAD,85.00,,
1,Policy_Premium.csv,raw.policy_premium_csv,1535,PRM001535,UPSTREAM_PARENT_REJECTED,,error,quarantined,,,{'policy_id': 'P00027'},
1,Policy_Premium.csv,raw.policy_premium_csv,1539,PRM001539,UPSTREAM_PARENT_REJECTED,,error,quarantined,,,{'policy_id': 'P00019'},
1,Policy_Premium.csv,raw.policy_premium_csv,1547,PRM001547,FMT_DATE,due_date,info,normalized,05/06/2025,2025-05-06,,
1,Policy_Premium.csv,raw.policy_premium_csv,1554,PRM001554,UPSTREAM_PARENT_REJECTED,,error,quarantined,,,{'policy_id': 'P00024'},
1,Policy_Premium.csv,raw.policy_premium_csv,1576,PRM001576,FMT_DATE,due_date,info,normalized,05/15/2025,2025-05-15,,
1,Policy_Premium.csv,raw.policy_premium_csv,1591,PRM001591,TYPE_AMOUNT_TEXT,premium_amount,info,normalized,$384.00 CAD,384.00,,
1,Policy_Premium.csv,raw.policy_premium_csv,1600,PRM001600,UPSTREAM_PARENT_REJECTED,,error,quarantined,,,{'policy_id': 'P00029'},
1,Policy_Premium.csv,raw.policy_premium_csv,1632,PRM001632,UPSTREAM_PARENT_REJECTED,,error,quarantined,,,{'policy_id': 'P00027'},
1,Policy_Premium.csv,raw.policy_premium_csv,1637,PRM001637,UPSTREAM_PARENT_REJECTED,,error,quarantined,,,{'policy_id': 'P00019'},
1,Policy_Premium.csv,raw.policy_premium_csv,1654,PRM001654,UPSTREAM_PARENT_REJECTED,,error,quarantined,,,{'policy_id': 'P00024'},
1,Policy_Premium.csv,raw.policy_premium_csv,1655,PRM001655,FMT_DATE,due_date,info,normalized,06/09/2025,2025-06-09,,
1,Policy_Premium.csv,raw.policy_premium_csv,1655,PRM001655,FMT_ID,policy_id,info,normalized,p00089 ,P00089,,
1,Policy_Premium.csv,raw.policy_premium_csv,1703,PRM001703,FMT_ID,policy_id,info,normalized,p00119 ,P00119,,
1,Policy_Premium.csv,raw.policy_premium_csv,1730,PRM001730,FMT_DATE,due_date,info,normalized,07/02/2025,2025-07-02,,
1,Policy_Premium.csv,raw.policy_premium_csv,1730,PRM001730,FMT_ID,policy_id,info,normalized,p00023 ,P00023,,
1,Policy_Premium.csv,raw.policy_premium_csv,1734,PRM001734,UPSTREAM_PARENT_REJECTED,,error,quarantined,,,{'policy_id': 'P00027'},
1,Policy_Premium.csv,raw.policy_premium_csv,1739,PRM001739,UPSTREAM_PARENT_REJECTED,,error,quarantined,,,{'policy_id': 'P00019'},
1,Policy_Premium.csv,raw.policy_premium_csv,1762,PRM001762,UPSTREAM_PARENT_REJECTED,,error,quarantined,,,{'policy_id': 'P00024'},
1,Policy_Premium.csv,raw.policy_premium_csv,1832,PRM001832,FMT_DATE,due_date,info,normalized,07/29/2025,2025-07-29,,
1,Policy_Premium.csv,raw.policy_premium_csv,1832,PRM001832,TYPE_AMOUNT_TEXT,premium_amount,info,normalized,$410.40 CAD,410.40,,
1,Policy_Premium.csv,raw.policy_premium_csv,1841,PRM001841,UPSTREAM_PARENT_REJECTED,,error,quarantined,,,{'policy_id': 'P00027'},
1,Policy_Premium.csv,raw.policy_premium_csv,1845,PRM001845,UPSTREAM_PARENT_REJECTED,,error,quarantined,,,{'policy_id': 'P00019'},
1,Policy_Premium.csv,raw.policy_premium_csv,1864,PRM001864,UPSTREAM_PARENT_REJECTED,,error,quarantined,,,{'policy_id': 'P00024'},
1,Policy_Premium.csv,raw.policy_premium_csv,1878,PRM001878,FMT_DATE,due_date,info,normalized,08/13/2025,2025-08-13,,
1,Policy_Premium.csv,raw.policy_premium_csv,1878,PRM001878,TYPE_AMOUNT_TEXT,premium_amount,info,normalized,$49.00 CAD,49.00,,
1,Policy_Premium.csv,raw.policy_premium_csv,1891,PRM001891,FMT_ID,policy_id,info,normalized,p00118 ,P00118,,
1,Policy_Premium.csv,raw.policy_premium_csv,1897,PRM001897,FMT_CATEGORY_CASE,payment_status,info,normalized,Paid ,paid,,
1,Policy_Premium.csv,raw.policy_premium_csv,1916,PRM001916,UPSTREAM_PARENT_REJECTED,,error,quarantined,,,{'policy_id': 'P00029'},
1,Policy_Premium.csv,raw.policy_premium_csv,1949,PRM001949,UPSTREAM_PARENT_REJECTED,,error,quarantined,,,{'policy_id': 'P00027'},
1,Policy_Premium.csv,raw.policy_premium_csv,1955,PRM001955,UPSTREAM_PARENT_REJECTED,,error,quarantined,,,{'policy_id': 'P00019'},
1,Policy_Premium.csv,raw.policy_premium_csv,1975,PRM001975,UPSTREAM_PARENT_REJECTED,,error,quarantined,,,{'policy_id': 'P00024'},
1,Policy_Premium.csv,raw.policy_premium_csv,2006,PRM002006,TYPE_AMOUNT_TEXT,premium_amount,info,normalized,$530.40 CAD,530.40,,
1,Policy_Premium.csv,raw.policy_premium_csv,2013,PRM002013,FMT_CATEGORY_CASE,payment_status,info,normalized,Late ,late,,
1,Policy_Premium.csv,raw.policy_premium_csv,2032,PRM002032,TYPE_AMOUNT_TEXT,premium_amount,info,normalized,$108.00 CAD,108.00,,
1,Policy_Premium.csv,raw.policy_premium_csv,2060,PRM002060,UPSTREAM_PARENT_REJECTED,,error,quarantined,,,{'policy_id': 'P00027'},
1,Policy_Premium.csv,raw.policy_premium_csv,2068,PRM002068,UPSTREAM_PARENT_REJECTED,,error,quarantined,,,{'policy_id': 'P00019'},
1,Policy_Premium.csv,raw.policy_premium_csv,2078,PRM002078,FMT_DATE,due_date,info,normalized,10/05/2025,2025-10-05,,
1,Policy_Premium.csv,raw.policy_premium_csv,2078,PRM002078,TYPE_AMOUNT_TEXT,premium_amount,info,normalized,$499.20 CAD,499.20,,
1,Policy_Premium.csv,raw.policy_premium_csv,2093,PRM002093,UPSTREAM_PARENT_REJECTED,,error,quarantined,,,{'policy_id': 'P00024'},
1,Policy_Premium.csv,raw.policy_premium_csv,2097,PRM002097,FMT_CATEGORY_CASE,payment_status,info,normalized,Paid ,paid,,
1,Policy_Premium.csv,raw.policy_premium_csv,2097,PRM002097,FMT_DATE,due_date,info,normalized,10/09/2025,2025-10-09,,
1,Policy_Premium.csv,raw.policy_premium_csv,2110,PRM002110,FMT_ID,policy_id,info,normalized,p00064 ,P00064,,
1,Policy_Premium.csv,raw.policy_premium_csv,2159,PRM002159,FMT_DATE,due_date,info,normalized,10/28/2025,2025-10-28,,
1,Policy_Premium.csv,raw.policy_premium_csv,2159,PRM002159,TYPE_AMOUNT_TEXT,premium_amount,info,normalized,$117.00 CAD,117.00,,
1,Policy_Premium.csv,raw.policy_premium_csv,2168,PRM002168,FMT_CATEGORY_CASE,payment_status,info,normalized,Late ,late,,
1,Policy_Premium.csv,raw.policy_premium_csv,2168,PRM002168,TYPE_AMOUNT_TEXT,premium_amount,info,normalized,$76.48 CAD,76.48,,
1,Policy_Premium.csv,raw.policy_premium_csv,2178,PRM002178,UPSTREAM_PARENT_REJECTED,,error,quarantined,,,{'policy_id': 'P00027'},
1,Policy_Premium.csv,raw.policy_premium_csv,2186,PRM002186,UPSTREAM_PARENT_REJECTED,,error,quarantined,,,{'policy_id': 'P00019'},
1,Policy_Premium.csv,raw.policy_premium_csv,2205,PRM002205,UPSTREAM_PARENT_REJECTED,,error,quarantined,,,{'policy_id': 'P00024'},
1,Policy_Premium.csv,raw.policy_premium_csv,2217,PRM002217,TYPE_AMOUNT_TEXT,premium_amount,info,normalized,$707.20 CAD,707.20,,
1,Policy_Premium.csv,raw.policy_premium_csv,2229,PRM002229,FMT_DATE,due_date,info,normalized,11/14/2025,2025-11-14,,
1,Policy_Premium.csv,raw.policy_premium_csv,2261,PRM002261,UPSTREAM_PARENT_REJECTED,,error,quarantined,,,{'policy_id': 'P00029'},
1,Policy_Premium.csv,raw.policy_premium_csv,2277,PRM002277,FMT_CATEGORY_CASE,payment_status,info,normalized,Paid ,paid,,
1,Policy_Premium.csv,raw.policy_premium_csv,2287,PRM002287,FMT_DATE,due_date,info,normalized,11/29/2025,2025-11-29,,
1,Policy_Premium.csv,raw.policy_premium_csv,2297,PRM002297,UPSTREAM_PARENT_REJECTED,,error,quarantined,,,{'policy_id': 'P00027'},
1,Policy_Premium.csv,raw.policy_premium_csv,2304,PRM002304,UPSTREAM_PARENT_REJECTED,,error,quarantined,,,{'policy_id': 'P00019'},
1,Policy_Premium.csv,raw.policy_premium_csv,2325,PRM002325,UPSTREAM_PARENT_REJECTED,,error,quarantined,,,{'policy_id': 'P00024'},
1,Policy_Premium.csv,raw.policy_premium_csv,2380,PRM002380,FMT_CATEGORY_CASE,payment_status,info,normalized,Paid ,paid,,
1,Policy_Premium.csv,raw.policy_premium_csv,2380,PRM002380,FMT_ID,policy_id,info,normalized,p00056 ,P00056,,
1,Policy_Premium.csv,raw.policy_premium_csv,2380,PRM002380,TYPE_AMOUNT_TEXT,premium_amount,info,normalized,$120.00 CAD,120.00,,
1,Policy_Premium.csv,raw.policy_premium_csv,2417,PRM002417,UPSTREAM_PARENT_REJECTED,,error,quarantined,,,{'policy_id': 'P00027'},
1,Policy_Premium.csv,raw.policy_premium_csv,2426,PRM002426,UPSTREAM_PARENT_REJECTED,,error,quarantined,,,{'policy_id': 'P00019'},
1,Policy_Premium.csv,raw.policy_premium_csv,2449,PRM002449,FMT_ID,policy_id,info,normalized,p00152 ,P00152,,
1,Policy_Premium.csv,raw.policy_premium_csv,2450,PRM002450,UPSTREAM_PARENT_REJECTED,,error,quarantined,,,{'policy_id': 'P00024'},
1,Policy_Premium.csv,raw.policy_premium_csv,2460,PRM002460,FMT_CATEGORY_CASE,payment_status,info,normalized,Paid ,paid,,
1,Policy_Premium.csv,raw.policy_premium_csv,2489,PRM002489,FMT_DATE,due_date,info,normalized,01/18/2026,2026-01-18,,
1,Policy_Premium.csv,raw.policy_premium_csv,2499,PRM002499,FMT_DATE,due_date,info,normalized,01/21/2026,2026-01-21,,
1,Policy_Premium.csv,raw.policy_premium_csv,2500,PRM002500,FMT_DATE,due_date,info,normalized,01/22/2026,2026-01-22,,
1,Policy_Premium.csv,raw.policy_premium_csv,2500,PRM002500,TYPE_AMOUNT_TEXT,premium_amount,info,normalized,$478.80 CAD,478.80,,
1,Policy_Premium.csv,raw.policy_premium_csv,2541,PRM002541,UPSTREAM_PARENT_REJECTED,,error,quarantined,,,{'policy_id': 'P00027'},
1,Policy_Premium.csv,raw.policy_premium_csv,2549,PRM002549,UPSTREAM_PARENT_REJECTED,,error,quarantined,,,{'policy_id': 'P00019'},
1,Policy_Premium.csv,raw.policy_premium_csv,2559,PRM002559,FMT_CATEGORY_CASE,payment_status,info,normalized,Paid ,paid,,
1,Policy_Premium.csv,raw.policy_premium_csv,2568,PRM002568,UPSTREAM_PARENT_REJECTED,,error,quarantined,,,{'policy_id': 'P00024'},
1,Policy_Premium.csv,raw.policy_premium_csv,2577,PRM002577,FMT_CATEGORY_CASE,payment_status,info,normalized,Paid ,paid,,
1,Policy_Premium.csv,raw.policy_premium_csv,2577,PRM002577,TYPE_AMOUNT_TEXT,premium_amount,info,normalized,$76.48 CAD,76.48,,
1,Policy_Premium.csv,raw.policy_premium_csv,2624,PRM002624,UPSTREAM_PARENT_REJECTED,,error,quarantined,,,{'policy_id': 'P00029'},
1,Policy_Premium.csv,raw.policy_premium_csv,2641,PRM002641,FMT_DATE,due_date,info,normalized,02/28/2026,2026-02-28,,
1,Policy_Premium.csv,raw.policy_premium_csv,2659,PRM002659,UPSTREAM_PARENT_REJECTED,,error,quarantined,,,{'policy_id': 'P00027'},
1,Policy_Premium.csv,raw.policy_premium_csv,2666,PRM002666,UPSTREAM_PARENT_REJECTED,,error,quarantined,,,{'policy_id': 'P00019'},
1,Policy_Premium.csv,raw.policy_premium_csv,2686,PRM002686,UPSTREAM_PARENT_REJECTED,,error,quarantined,,,{'policy_id': 'P00024'},
1,Policy_Premium.csv,raw.policy_premium_csv,2701,PRM002701,FMT_CATEGORY_CASE,payment_status,info,normalized,Paid ,paid,,
1,Policy_Premium.csv,raw.policy_premium_csv,2701,PRM002701,FMT_DATE,due_date,info,normalized,03/12/2026,2026-03-12,,
1,Policy_Premium.csv,raw.policy_premium_csv,2745,PRM002745,FMT_CATEGORY_CASE,payment_status,info,normalized,Paid ,paid,,
1,Policy_Premium.csv,raw.policy_premium_csv,2777,PRM002777,UPSTREAM_PARENT_REJECTED,,error,quarantined,,,{'policy_id': 'P00027'},
1,Policy_Premium.csv,raw.policy_premium_csv,2785,PRM002785,FMT_DATE,due_date,info,normalized,04/04/2026,2026-04-04,,
1,Policy_Premium.csv,raw.policy_premium_csv,2785,PRM002785,UPSTREAM_PARENT_REJECTED,,error,quarantined,,,{'policy_id': 'P00019'},
1,Policy_Premium.csv,raw.policy_premium_csv,2809,PRM002809,UPSTREAM_PARENT_REJECTED,,error,quarantined,,,{'policy_id': 'P00024'},
1,Policy_Premium.csv,raw.policy_premium_csv,2816,PRM002816,FMT_DATE,due_date,info,normalized,04/09/2026,2026-04-09,,
1,Policy_Premium.csv,raw.policy_premium_csv,2820,PRM002820,FMT_ID,policy_id,info,normalized,p00047 ,P00047,,
1,Policy_Premium.csv,raw.policy_premium_csv,2893,PRM002893,FMT_CATEGORY_CASE,payment_status,info,normalized,Paid ,paid,,
1,Policy_Premium.csv,raw.policy_premium_csv,2902,PRM002902,UPSTREAM_PARENT_REJECTED,,error,quarantined,,,{'policy_id': 'P00027'},
1,Policy_Premium.csv,raw.policy_premium_csv,2910,PRM002910,UPSTREAM_PARENT_REJECTED,,error,quarantined,,,{'policy_id': 'P00019'},
1,Policy_Premium.csv,raw.policy_premium_csv,2929,PRM002929,UPSTREAM_PARENT_REJECTED,,error,quarantined,,,{'policy_id': 'P00024'},
1,Policy_Premium.csv,raw.policy_premium_csv,2935,PRM002935,FMT_CATEGORY_CASE,payment_status,info,normalized,Paid ,paid,,
1,Policy_Premium.csv,raw.policy_premium_csv,2965,PRM002965,FMT_CATEGORY_CASE,payment_status,info,normalized,Paid ,paid,,
1,Policy_Premium.csv,raw.policy_premium_csv,2982,PRM002982,UPSTREAM_PARENT_REJECTED,,error,quarantined,,,{'policy_id': 'P00029'},
1,Policy_Premium.csv,raw.policy_premium_csv,3023,PRM003023,UPSTREAM_PARENT_REJECTED,,error,quarantined,,,{'policy_id': 'P00019'},
1,Policy_Premium.csv,raw.policy_premium_csv,3041,PRM003041,UPSTREAM_PARENT_REJECTED,,error,quarantined,,,{'policy_id': 'P00024'},
1,Policy_Premium.csv,raw.policy_premium_csv,3042,PRM003042,TYPE_AMOUNT_TEXT,premium_amount,info,normalized,$384.00 CAD,384.00,,
1,Policy_Premium.csv,raw.policy_premium_csv,3074,PRM003074,FMT_CATEGORY_CASE,payment_status,info,normalized,Paid ,paid,,
1,Policy_Premium.csv,raw.policy_premium_csv,3101,PRM003101,FMT_CATEGORY_CASE,payment_status,info,normalized,Paid ,paid,,
1,Policy_Premium.csv,raw.policy_premium_csv,3101,PRM003101,TYPE_AMOUNT_TEXT,premium_amount,info,normalized,$290.70 CAD,290.70,,
1,Policy_Premium.csv,raw.policy_premium_csv,3109,PRM003109,UPSTREAM_PARENT_REJECTED,,error,quarantined,,,{'policy_id': 'P00181'},
1,Policy_Premium.csv,raw.policy_premium_csv,3110,PRM003110,UPSTREAM_PARENT_REJECTED,,error,quarantined,,,{'policy_id': 'P00182'},
1,Policy_Premium.csv,raw.policy_premium_csv,3111,PRM003111,UPSTREAM_PARENT_REJECTED,,error,quarantined,,,{'policy_id': 'P00183'},
1,Policy_Premium.csv,raw.policy_premium_csv,3112,PRM003112,ORPHAN_FK,,error,quarantined,,,{'policy_id': 'P90001'},
1,Policy_Premium.csv,raw.policy_premium_csv,3113,PRM003113,ORPHAN_FK,,error,quarantined,,,{'policy_id': 'P90002'},
1,Policy_Premium.csv,raw.policy_premium_csv,3114,PRM003114,ORPHAN_FK,,error,quarantined,,,{'policy_id': 'P90003'},
1,Policy_Premium.csv,raw.policy_premium_csv,3115,PRM003115,ORPHAN_FK,,error,quarantined,,,{'policy_id': 'P90004'},
1,Policy_Premium.csv,raw.policy_premium_csv,3116,PRM003116,ORPHAN_FK,,error,quarantined,,,{'policy_id': 'P90005'},
1,Policy_Premium.csv,raw.policy_premium_csv,3117,PRM000001,DUP_EXACT,premium_id,warning,deduplicated,,,,
1,Policy_Premium.csv,raw.policy_premium_csv,3118,PRM000002,DUP_EXACT,premium_id,warning,deduplicated,,,,
1,Policy_Premium.csv,raw.policy_premium_csv,3119,PRM000003,DUP_EXACT,premium_id,warning,deduplicated,,,,
1,Policy_Premium.csv,raw.policy_premium_csv,3119,PRM000003,TYPE_AMOUNT_TEXT,premium_amount,info,normalized,$161.50 CAD,161.50,,
1,Policy_Premium.csv,raw.policy_premium_csv,3120,PRM000004,DUP_EXACT,premium_id,warning,deduplicated,,,,
1,Policy_Premium.csv,raw.policy_premium_csv,3121,PRM000005,DUP_EXACT,premium_id,warning,deduplicated,,,,
1,Policy_Premium.csv,raw.policy_premium_csv,3122,PRM000006,DUP_EXACT,premium_id,warning,deduplicated,,,,
1,Policy_Premium.csv,raw.policy_premium_csv,3123,PRM000007,DUP_EXACT,premium_id,warning,deduplicated,,,,
1,Policy_Premium.csv,raw.policy_premium_csv,3124,PRM000008,DUP_EXACT,premium_id,warning,deduplicated,,,,
1,Policy_Premium.csv,raw.policy_premium_csv,3125,PRM000009,DUP_EXACT,premium_id,warning,deduplicated,,,,
1,Policy_Premium.csv,raw.policy_premium_csv,3126,PRM000010,DUP_EXACT,premium_id,warning,deduplicated,,,,
1,Policy_Premium.csv,raw.policy_premium_csv,3127,PRM000011,DUP_EXACT,premium_id,warning,deduplicated,,,,
1,Policy_Premium.csv,raw.policy_premium_csv,3128,PRM000012,DUP_EXACT,premium_id,warning,deduplicated,,,,
1,Policy_Premium.csv,raw.policy_premium_csv,3129,PRM000013,DUP_EXACT,premium_id,warning,deduplicated,,,,
1,Policy_Premium.csv,raw.policy_premium_csv,3130,PRM000014,DUP_EXACT,premium_id,warning,deduplicated,,,,
1,Policy_Premium.csv,raw.policy_premium_csv,3131,PRM000015,DUP_EXACT,premium_id,warning,deduplicated,,,,
1,Policy_Premium.csv + Customer.csv,staging.policy_premiums,1397,PRM001397,CORE_AGE_BAND_REPAIRED,age_band,warning,repaired,75+,45-54,{'authoritative_basis': 'canonical DOB at premium due_date'},
1,Policy_Premium.csv + Customer.csv,staging.policy_premiums,1496,PRM001496,CORE_AGE_BAND_REPAIRED,age_band,warning,repaired,75+,45-54,{'authoritative_basis': 'canonical DOB at premium due_date'},
1,Policy_Premium.csv + Customer.csv,staging.policy_premiums,1591,PRM001591,CORE_AGE_BAND_REPAIRED,age_band,warning,repaired,75+,45-54,{'authoritative_basis': 'canonical DOB at premium due_date'},
1,Policy_Premium.csv + Customer.csv,staging.policy_premiums,1693,PRM001693,CORE_AGE_BAND_REPAIRED,age_band,warning,repaired,75+,45-54,{'authoritative_basis': 'canonical DOB at premium due_date'},
1,Policy_Premium.csv + Customer.csv,staging.policy_premiums,1801,PRM001801,CORE_AGE_BAND_REPAIRED,age_band,warning,repaired,75+,45-54,{'authoritative_basis': 'canonical DOB at premium due_date'},
1,Policy_Premium.csv + Customer.csv,staging.policy_premiums,1907,PRM001907,CORE_AGE_BAND_REPAIRED,age_band,warning,repaired,75+,45-54,{'authoritative_basis': 'canonical DOB at premium due_date'},
1,Policy_Premium.csv + Customer.csv,staging.policy_premiums,2018,PRM002018,CORE_AGE_BAND_REPAIRED,age_band,warning,repaired,75+,55-64,{'authoritative_basis': 'canonical DOB at premium due_date'},
1,Policy_Premium.csv + Customer.csv,staging.policy_premiums,2136,PRM002136,CORE_AGE_BAND_REPAIRED,age_band,warning,repaired,75+,55-64,{'authoritative_basis': 'canonical DOB at premium due_date'},
1,Policy_Premium.csv + Customer.csv,staging.policy_premiums,2250,PRM002250,CORE_AGE_BAND_REPAIRED,age_band,warning,repaired,75+,55-64,{'authoritative_basis': 'canonical DOB at premium due_date'},
1,Policy_Premium.csv + Customer.csv,staging.policy_premiums,2370,PRM002370,CORE_AGE_BAND_REPAIRED,age_band,warning,repaired,75+,55-64,{'authoritative_basis': 'canonical DOB at premium due_date'},
1,Policy_Premium.csv + Customer.csv,staging.policy_premiums,2495,PRM002495,CORE_AGE_BAND_REPAIRED,age_band,warning,repaired,75+,55-64,{'authoritative_basis': 'canonical DOB at premium due_date'},
1,Policy_Premium.csv + Customer.csv,staging.policy_premiums,2612,PRM002612,CORE_AGE_BAND_REPAIRED,age_band,warning,repaired,75+,55-64,{'authoritative_basis': 'canonical DOB at premium due_date'},
1,Policy_Premium.csv + Customer.csv,staging.policy_premiums,2730,PRM002730,CORE_AGE_BAND_REPAIRED,age_band,warning,repaired,75+,55-64,{'authoritative_basis': 'canonical DOB at premium due_date'},
1,Policy_Premium.csv vs Policy.csv,staging.policy_premiums,1,PRM000001,CORE_PREMIUM_OWNER_CONFLICT,customer_id,warning,repaired,C00150,C00104,{'authoritative_source': 'Policy.csv.customer_id'},
1,Policy_Premium.csv vs Policy.csv,staging.policy_premiums,2,PRM000002,CORE_PREMIUM_OWNER_CONFLICT,customer_id,warning,repaired,C00150,C00076,{'authoritative_source': 'Policy.csv.customer_id'},
1,Policy_Premium.csv vs Policy.csv,staging.policy_premiums,3,PRM000003,CORE_PREMIUM_OWNER_CONFLICT,customer_id,warning,repaired,C00150,C00034,{'authoritative_source': 'Policy.csv.customer_id'},
1,Policy_Premium.csv vs Policy.csv,staging.policy_premiums,4,PRM000004,CORE_PREMIUM_OWNER_CONFLICT,customer_id,warning,repaired,C00150,C00059,{'authoritative_source': 'Policy.csv.customer_id'},
1,Policy_Premium.csv vs Policy.csv,staging.policy_premiums,5,PRM000005,CORE_PREMIUM_OWNER_CONFLICT,customer_id,warning,repaired,C00150,C00134,{'authoritative_source': 'Policy.csv.customer_id'},
1,Policy_Premium.csv vs Policy.csv,staging.policy_premiums,6,PRM000006,CORE_PREMIUM_OWNER_CONFLICT,customer_id,warning,repaired,C00150,C00102,{'authoritative_source': 'Policy.csv.customer_id'},
1,Policy_Premium.csv vs Policy.csv,staging.policy_premiums,8,PRM000008,CORE_PREMIUM_OWNER_CONFLICT,customer_id,warning,repaired,C00150,C00018,{'authoritative_source': 'Policy.csv.customer_id'},
1,Policy_Premium.csv vs Policy.csv,staging.policy_premiums,9,PRM000009,CORE_PREMIUM_OWNER_CONFLICT,customer_id,warning,repaired,C00150,C00066,{'authoritative_source': 'Policy.csv.customer_id'},
1,Policy_Premium.csv vs Policy.csv,staging.policy_premiums,10,PRM000010,CORE_PREMIUM_OWNER_CONFLICT,customer_id,warning,repaired,C00150,C00084,{'authoritative_source': 'Policy.csv.customer_id'},
1,Policy.csv,raw.policy_csv,5,P00005,FMT_CATEGORY_CASE,policy_type,info,normalized,Health ,health,,
1,Policy.csv,raw.policy_csv,15,P00015,FMT_CATEGORY_CASE,policy_type,info,normalized,Health ,health,,
1,Policy.csv,raw.policy_csv,19,P00019,ORPHAN_FK,,error,quarantined,,,{'customer_id': 'C90001'},
1,Policy.csv,raw.policy_csv,24,P00024,ORPHAN_FK,,error,quarantined,,,{'customer_id': 'C90002'},
1,Policy.csv,raw.policy_csv,27,P00027,INV_DATE_ORDER,,error,quarantined,,,{'customer_id': 'C00025'},
1,Policy.csv,raw.policy_csv,29,P00029,INV_DATE_ORDER,,error,quarantined,,,{'customer_id': 'C00044'},
1,Policy.csv,raw.policy_csv,35,P00035,MISS_ERROR,plan_name,info,repaired,,Dental Basic,,
1,Policy.csv,raw.policy_csv,37,P00037,MISS_ERROR,plan_name,info,repaired,,BasicPlan,,
1,Policy.csv,raw.policy_csv,47,P00047,FMT_CATEGORY_CASE,policy_type,info,normalized,Dental ,dental,,
1,Policy.csv,raw.policy_csv,62,P00062,FMT_CATEGORY_CASE,policy_type,info,normalized,Health ,health,,
1,Policy.csv,raw.policy_csv,62,P00062,FMT_DATE,start_date,info,normalized,04/08/2022,2022-04-08,,
1,Policy.csv,raw.policy_csv,66,P00066,TYPE_AMOUNT_TEXT,coverage_amount,info,normalized,"$2,000.00",2000.00,,
1,Policy.csv,raw.policy_csv,82,P00082,FMT_DATE,start_date,info,normalized,08/06/2022,2022-08-06,,
1,Policy.csv,raw.policy_csv,90,P00090,FMT_DATE,start_date,info,normalized,02/22/2024,2024-02-22,,
1,Policy.csv,raw.policy_csv,100,P00100,FMT_CATEGORY_CASE,policy_type,info,normalized,Health ,health,,
1,Policy.csv,raw.policy_csv,100,P00100,TYPE_AMOUNT_TEXT,coverage_amount,info,normalized,"$5,000.00",5000.00,,
1,Policy.csv,raw.policy_csv,105,P00105,TYPE_AMOUNT_TEXT,coverage_amount,info,normalized,"$3,000.00",3000.00,,
1,Policy.csv,raw.policy_csv,113,P00113,FMT_CATEGORY_CASE,policy_type,info,normalized,Travel ,travel,,
1,Policy.csv,raw.policy_csv,113,P00113,FMT_DATE,start_date,info,normalized,10/03/2024,2024-10-03,,
1,Policy.csv,raw.policy_csv,113,P00113,FMT_ID,customer_id,info,normalized,c00039 ,C00039,,
1,Policy.csv,raw.policy_csv,113,P00113,TYPE_AMOUNT_TEXT,coverage_amount,info,normalized,"$5,000,000.00",5000000.00,,
1,Policy.csv,raw.policy_csv,125,P00125,FMT_DATE,start_date,info,normalized,04/25/2023,2023-04-25,,
1,Policy.csv,raw.policy_csv,125,P00125,FMT_ID,customer_id,info,normalized,c00027 ,C00027,,
1,Policy.csv,raw.policy_csv,125,P00125,TYPE_AMOUNT_TEXT,coverage_amount,info,normalized,"$5,000.00",5000.00,,
1,Policy.csv,raw.policy_csv,134,P00134,FMT_CATEGORY_CASE,policy_type,info,normalized,Dental ,dental,,
1,Policy.csv,raw.policy_csv,134,P00134,FMT_DATE,start_date,info,normalized,04/08/2025,2025-04-08,,
1,Policy.csv,raw.policy_csv,134,P00134,TYPE_AMOUNT_TEXT,coverage_amount,info,normalized,"$1,000.00",1000.00,,
1,Policy.csv,raw.policy_csv,140,P00140,TYPE_AMOUNT_TEXT,coverage_amount,info,normalized,"$1,000.00",1000.00,,
1,Policy.csv,raw.policy_csv,152,P00152,FMT_DATE,start_date,info,normalized,04/08/2025,2025-04-08,,
1,Policy.csv,raw.policy_csv,181,P00181,UPSTREAM_PARENT_REJECTED,,error,quarantined,,,{'customer_id': 'C00155'},
1,Policy.csv,raw.policy_csv,182,P00182,UPSTREAM_PARENT_REJECTED,,error,quarantined,,,{'customer_id': 'C00156'},
1,Policy.csv,raw.policy_csv,183,P00183,UPSTREAM_PARENT_REJECTED,,error,quarantined,,,{'customer_id': 'C00157'},
1,T00037.json,raw.claim_detail_files,183,T00037,UPSTREAM_PARENT_REJECTED,,error,quarantined,,,{'claim_id': 'T00037'},
1,T00041.json,raw.claim_detail_files,187,T00041,UPSTREAM_PARENT_REJECTED,,error,quarantined,,,{'claim_id': 'T00041'},
1,T00042.json,raw.claim_detail_files,188,T00042,JSON_MISSING_KEY,provider.type,error,flagged,,,{'key_absent': True},
1,T00042.json,raw.claim_detail_files,188,T00042,UPSTREAM_PARENT_REJECTED,,error,quarantined,,,{'claim_id': 'T00042'},
1,T00146.json,raw.claim_detail_files,199,T00146,JSON_KEY_DRIFT,line_items,warning,normalized,lineItems,line_items,{'legacy_key': 'lineItems'},
